filename,bicubic_psnr,bicubic_ssim,model_psnr,model_ssim
001308.npy,24.3839,0.8620,24.9254,0.8876
003187.npy,24.3809,0.8161,25.1574,0.8368
001289.npy,23.2856,0.7554,23.4132,0.7685
000072.npy,23.2792,0.7319,25.5040,0.7572
002060.npy,21.5019,0.7493,23.7592,0.8400
002155.npy,22.1186,0.2943,25.7826,0.3173
001796.npy,30.6254,0.8369,31.9125,0.8675
000201.npy,20.9031,0.2991,33.0131,0.7388
001310.npy,25.2623,0.8497,25.6955,0.8745
001525.npy,29.8180,0.7335,40.8704,0.9590
000044.npy,19.0198,0.6753,19.5577,0.7615
002108.npy,21.6521,0.2889,27.7132,0.4327
001427.npy,20.1966,0.2594,27.5796,0.7261
002558.npy,26.0468,0.7584,27.9965,0.8161
001606.npy,19.3130,0.8852,21.1957,0.9292
000756.npy,26.4482,0.6424,31.6063,0.8216
002823.npy,23.6476,0.5877,25.4833,0.6534
002534.npy,17.5575,0.5062,18.0601,0.5173
002821.npy,24.5702,0.6106,26.1117,0.6566
001674.npy,30.0469,0.8228,32.7129,0.8962
001824.npy,24.1890,0.6848,27.9592,0.8462
001913.npy,23.5875,0.6845,24.3861,0.7116
001501.npy,25.5104,0.5543,29.5888,0.7655
002607.npy,19.8994,0.2248,23.1369,0.2609
001797.npy,23.2019,0.5873,28.4677,0.8471
000394.npy,23.1713,0.3271,32.7776,0.7842
000906.npy,20.9858,0.1422,33.7304,0.7437
002679.npy,21.3566,0.4205,27.5221,0.7296
000834.npy,21.7231,0.7152,23.9092,0.8291
001916.npy,19.8700,0.6040,21.5232,0.6186
002455.npy,24.1601,0.7405,28.7457,0.8967
002846.npy,26.2826,0.7225,28.6161,0.7574
000375.npy,19.1274,0.5400,20.4259,0.6055
000826.npy,28.8509,0.8656,31.9197,0.9287
000530.npy,19.7737,0.3715,23.4851,0.7786
003006.npy,23.3423,0.7729,24.2101,0.7994
001330.npy,28.8456,0.7000,35.0205,0.8760
000993.npy,22.9974,0.2820,31.9245,0.6846
002245.npy,31.8958,0.7769,34.0479,0.8455
001945.npy,22.0863,0.6057,25.4254,0.7875
000917.npy,23.1313,0.4391,28.4288,0.7207
000064.npy,22.0077,0.4089,29.3391,0.9112
002456.npy,23.8283,0.3243,32.9800,0.7603
002953.npy,24.6632,0.5357,32.2100,0.9374
001947.npy,22.3629,0.6412,24.9744,0.7984
001013.npy,21.0400,0.2585,30.4456,0.9495
001030.npy,20.6865,0.2096,33.0852,0.8562
001570.npy,27.0644,0.5799,28.2979,0.5300
002794.npy,27.2075,0.6773,34.7796,0.9102
000319.npy,21.2314,0.4400,24.0378,0.6998
001091.npy,23.2060,0.6503,29.0324,0.9094
002330.npy,29.7318,0.5632,30.4637,0.5372
001598.npy,22.2093,0.3903,27.5921,0.7789
000786.npy,31.6140,0.8640,34.5831,0.9218
000095.npy,30.9070,0.7502,35.4452,0.8673
000825.npy,27.6780,0.8436,30.9872,0.9207
000615.npy,24.6123,0.7584,25.3505,0.8069
000964.npy,22.5910,0.5890,27.5826,0.8324
001695.npy,23.4396,0.7154,27.6348,0.8939
003150.npy,23.8048,0.5655,31.9378,0.8797
002612.npy,21.0430,0.3252,30.0562,0.8106
001929.npy,22.6077,0.6584,23.9579,0.6989
001538.npy,27.7780,0.6938,32.9467,0.9007
000797.npy,30.5284,0.8349,31.6234,0.8537
001652.npy,26.3858,0.5474,34.1731,0.8767
002197.npy,30.8766,0.8372,33.0664,0.8931
001075.npy,21.0741,0.6776,23.2356,0.7714
002613.npy,21.0276,0.3606,32.4611,0.8809
000970.npy,22.2195,0.5882,24.4556,0.6480
000619.npy,22.5103,0.4601,27.1313,0.6621
001484.npy,21.4023,0.3880,33.1484,0.9460
002694.npy,20.6271,0.3347,22.8025,0.2831
002016.npy,23.3006,0.4001,31.1725,0.8305
001836.npy,22.0581,0.6615,23.0544,0.7369
002368.npy,23.0505,0.5652,28.5647,0.8353
001421.npy,21.8166,0.3590,29.7028,0.8385
001842.npy,25.6096,0.6773,29.7078,0.8087
002833.npy,23.7045,0.7949,25.5998,0.8627
001555.npy,21.9934,0.5380,26.0687,0.7426
000983.npy,19.8983,0.3152,25.6724,0.7361
002506.npy,23.0243,0.5691,38.7851,0.9453
002772.npy,26.5979,0.5744,29.0917,0.9129
002482.npy,19.4568,0.1247,33.0451,0.9723
000334.npy,25.2733,0.7548,26.5681,0.7934
001208.npy,18.4242,0.3534,20.6008,0.3220
003080.npy,23.7603,0.5267,30.4211,0.8924
001762.npy,21.9139,0.6770,22.7093,0.7086
001975.npy,22.9531,0.8743,23.9122,0.9060
000684.npy,23.5718,0.7088,26.8113,0.8626
002273.npy,34.7718,0.9209,37.2565,0.9458
000552.npy,20.3117,0.2904,24.9845,0.8480
002106.npy,20.4500,0.1842,31.1450,0.6388
001121.npy,23.9419,0.7435,25.2824,0.8005
000912.npy,20.4623,0.2847,30.7594,0.8082
002241.npy,23.0997,0.4048,26.6402,0.3744
000539.npy,25.2561,0.5493,35.0662,0.9314
001889.npy,23.5663,0.4474,34.1208,0.8944
000732.npy,20.3282,0.5999,21.9949,0.6869
001252.npy,24.9741,0.6685,26.4900,0.7248
001495.npy,22.2723,0.5530,34.1360,0.8789
001407.npy,31.9680,0.7440,37.2715,0.8967
001181.npy,22.7225,0.5971,25.1317,0.6607
001358.npy,23.7721,0.5477,25.2160,0.6170
001657.npy,23.9839,0.7167,27.6335,0.8208
000000.npy,27.6361,0.8389,31.6068,0.9071
001506.npy,25.4073,0.6662,26.6722,0.6833
003115.npy,24.2481,0.7707,25.9824,0.8438
002284.npy,24.6707,0.6665,25.9894,0.7225
000714.npy,26.1974,0.7473,32.5074,0.9034
001236.npy,23.7829,0.7417,24.0157,0.7621
002170.npy,25.4600,0.7273,32.0085,0.9352
000390.npy,31.6277,0.8727,33.1547,0.9368
002150.npy,27.2883,0.7879,35.5002,0.9210
002901.npy,19.0654,0.5794,23.2513,0.9051
000342.npy,22.5611,0.4529,30.5063,0.8453
002104.npy,22.2864,0.3958,32.8160,0.9065
002133.npy,20.4021,0.6165,21.5119,0.6521
001898.npy,21.8463,0.2631,27.4633,0.4087
001467.npy,22.5695,0.4619,36.5190,0.9375
003045.npy,21.9903,0.2338,30.2282,0.5711
003177.npy,21.1016,0.6621,22.4899,0.7315
000769.npy,26.3383,0.5250,31.7996,0.8006
002869.npy,23.4510,0.3974,34.5642,0.8370
001111.npy,19.7122,0.4348,23.3243,0.8451
000055.npy,24.1333,0.6931,27.0277,0.7714
001706.npy,24.7128,0.4406,36.6506,0.9412
002973.npy,10.4183,0.2764,10.8434,0.3358
002369.npy,27.2764,0.7369,34.1337,0.9190
002741.npy,19.3109,0.6260,20.5414,0.6662
000930.npy,22.7686,0.6196,27.4181,0.7940
001387.npy,17.5846,0.6902,19.1928,0.8176
002154.npy,21.4353,0.2794,25.1675,0.2964
002124.npy,18.8369,0.7045,20.0151,0.7583
001446.npy,30.3783,0.9323,31.3854,0.9547
000710.npy,33.2698,0.8901,38.0559,0.9593
001549.npy,24.5134,0.5939,27.2620,0.8406
001880.npy,21.7837,0.5569,26.0932,0.7428
002032.npy,21.2002,0.5820,23.4500,0.6398
000214.npy,25.6444,0.4616,37.9180,0.9431
001708.npy,21.5236,0.4596,24.9432,0.6771
001719.npy,21.1302,0.2731,30.5919,0.7385
002577.npy,20.9355,0.3187,30.7655,0.8882
001932.npy,23.3939,0.4251,29.4089,0.8452
001612.npy,22.0074,0.2993,35.3361,0.8412
001064.npy,23.1189,0.4252,34.6300,0.9330
003179.npy,20.6048,0.6450,21.8079,0.7256
001480.npy,23.2361,0.6018,24.8702,0.6586
001231.npy,26.4571,0.9007,29.5586,0.9595
000407.npy,14.8778,0.2855,15.2642,0.3422
002031.npy,20.4999,0.2492,30.3019,0.7800
000365.npy,27.6152,0.7920,29.9239,0.8707
000367.npy,27.3541,0.7874,29.7313,0.8694
001788.npy,25.3539,0.7776,29.1330,0.8942
000215.npy,26.7402,0.5061,37.9721,0.9562
001668.npy,20.0980,0.6296,21.8792,0.7425
000599.npy,24.9192,0.3931,32.1064,0.6992
001402.npy,23.0248,0.3345,34.8727,0.9065
001744.npy,19.6476,0.5462,20.6897,0.6021
002911.npy,27.7121,0.5840,30.1042,0.6972
001240.npy,21.2265,0.3977,27.1365,0.7463
002736.npy,25.2939,0.7644,28.7713,0.8786
002701.npy,27.3020,0.5572,33.2605,0.8265
001173.npy,20.8530,0.2898,31.6154,0.9000
001298.npy,23.9105,0.4410,32.3592,0.8698
001977.npy,19.4666,0.2842,21.7397,0.1843
002644.npy,25.8332,0.6952,30.4768,0.8880
001074.npy,22.1261,0.7251,23.7984,0.8060
000852.npy,22.8908,0.7389,23.7310,0.7650
001391.npy,22.6599,0.3309,32.7003,0.7273
000081.npy,24.6230,0.7060,26.1015,0.7945
001860.npy,22.7544,0.3129,35.4306,0.8368
001852.npy,20.6525,0.2124,29.3939,0.7128
002003.npy,23.9662,0.3777,29.3615,0.5353
001773.npy,24.9499,0.6630,27.3404,0.7169
002977.npy,27.6676,0.6992,28.6097,0.7182
000564.npy,23.5210,0.3185,31.9548,0.8371
001711.npy,22.0571,0.3130,29.1765,0.8970
000018.npy,20.6494,0.6872,24.2782,0.8408
000598.npy,26.5743,0.4709,32.6408,0.7177
000926.npy,27.1088,0.5867,30.5559,0.6707
000528.npy,28.9974,0.6007,32.5411,0.8789
000569.npy,22.6094,0.6453,25.2950,0.7567
000398.npy,18.2593,0.2070,22.2881,0.2121
002200.npy,20.0636,0.3846,24.8958,0.6879
001095.npy,32.2422,0.8384,39.0277,0.9594
002672.npy,20.3574,0.6554,22.0983,0.7560
000380.npy,26.4782,0.8117,28.3694,0.8816
002277.npy,20.4041,0.2179,28.0184,0.4651
000972.npy,23.6396,0.5210,33.5648,0.9385
000806.npy,26.3564,0.6871,36.0540,0.9296
000496.npy,16.6246,0.4374,18.8851,0.7609
001047.npy,23.4061,0.4709,32.2750,0.8687
000346.npy,24.4289,0.7134,28.5400,0.8410
001622.npy,22.6801,0.4190,32.0266,0.8684
000069.npy,29.6889,0.8485,32.9998,0.9306
001294.npy,28.7811,0.7151,31.2591,0.7838
000400.npy,22.0394,0.4999,34.1391,0.9535
002748.npy,25.6962,0.7340,30.3786,0.8651
001450.npy,21.2848,0.3499,34.8421,0.8726
000889.npy,20.5013,0.2640,37.5292,0.9378
003124.npy,21.7266,0.2601,35.7088,0.9567
001464.npy,22.4651,0.6723,24.1527,0.7651
003086.npy,27.1985,0.8050,28.2607,0.8376
002217.npy,37.3832,0.9289,38.9372,0.9514
000728.npy,23.5826,0.5850,29.0163,0.8094
001690.npy,23.1704,0.4075,28.7254,0.6520
000803.npy,21.4412,0.2553,31.7428,0.6634
000025.npy,22.2201,0.7171,22.6058,0.7313
003025.npy,22.8164,0.3400,30.1902,0.6419
002447.npy,20.3372,0.3115,28.8830,0.7613
001564.npy,26.1293,0.6840,34.0436,0.9377
002461.npy,28.6055,0.7908,33.2967,0.8861
003123.npy,22.5548,0.4028,26.5188,0.6791
000185.npy,28.7362,0.8311,32.8763,0.9160
001108.npy,19.6304,0.4461,22.2309,0.7241
001306.npy,19.3890,0.4324,22.3906,0.5547
000035.npy,19.5489,0.4469,24.5279,0.6615
000366.npy,27.2509,0.7730,29.6204,0.8681
002653.npy,21.7447,0.5934,23.3319,0.6802
000443.npy,21.8909,0.4486,30.8509,0.8623
001048.npy,19.7488,0.4752,26.5799,0.8344
001770.npy,21.9492,0.4652,28.0119,0.7706
001915.npy,23.9561,0.6730,24.7467,0.6960
001125.npy,23.5085,0.5818,28.5541,0.8323
001335.npy,20.3470,0.4704,21.5608,0.4507
000529.npy,20.8429,0.3846,23.7698,0.8188
000145.npy,23.7352,0.3188,31.1064,0.5851
000840.npy,24.6357,0.7748,27.5063,0.8599
000310.npy,25.2969,0.6797,27.1869,0.7292
000475.npy,21.8631,0.3091,33.3961,0.9450
003173.npy,24.5299,0.4591,30.2193,0.9187
001854.npy,23.5644,0.4918,31.0763,0.8204
002326.npy,20.4282,0.2721,31.2115,0.8504
000677.npy,17.9978,0.7062,19.5622,0.7781
002459.npy,23.1137,0.8016,24.6466,0.8665
000776.npy,19.5474,0.4749,23.0865,0.8485
003087.npy,25.5694,0.7693,26.8226,0.8117
000036.npy,23.9245,0.3532,30.2473,0.7893
002380.npy,26.5464,0.6610,31.1110,0.8597
001515.npy,25.5731,0.7545,26.2692,0.7860
001591.npy,20.8426,0.6688,22.9388,0.7885
001151.npy,21.3922,0.7019,22.5906,0.7423
000217.npy,25.0293,0.6447,29.8862,0.8184
001660.npy,24.0503,0.4402,31.2195,0.8696
003012.npy,20.1962,0.5069,22.6836,0.6239
003052.npy,25.9805,0.7493,27.3098,0.8359
001911.npy,28.3085,0.7585,31.2692,0.8757
001569.npy,27.0928,0.5763,28.2402,0.5276
001503.npy,25.5684,0.5473,29.6390,0.7669
001901.npy,27.2702,0.7859,34.6421,0.9610
000333.npy,24.5885,0.7238,26.0919,0.7781
001650.npy,27.0927,0.6471,31.7260,0.8491
001691.npy,23.3612,0.4165,28.7989,0.6534
001580.npy,27.7924,0.6613,36.5978,0.9319
000236.npy,23.3204,0.5178,28.5878,0.8136
000363.npy,27.7871,0.5657,29.9267,0.7515
000553.npy,24.8038,0.5690,33.0521,0.8691
003031.npy,23.8052,0.7864,24.1622,0.8040
000399.npy,18.3611,0.2378,21.2419,0.1903
000349.npy,22.9904,0.5820,26.8852,0.7309
000021.npy,25.8998,0.4924,31.8347,0.8814
000048.npy,25.6686,0.7779,30.0397,0.8935
002416.npy,20.5315,0.7260,21.2226,0.7678
002213.npy,33.2848,0.8335,34.5860,0.8683
000702.npy,25.9432,0.5272,27.0181,0.4893
001603.npy,24.5048,0.7175,26.2444,0.7991
000087.npy,18.5786,0.5662,19.7164,0.7535
001710.npy,22.8692,0.3114,29.9747,0.9168
000504.npy,22.7027,0.5969,26.9764,0.8686
000243.npy,22.1426,0.2274,37.1351,0.9706
000499.npy,22.5139,0.6138,23.8176,0.6777
002450.npy,27.0948,0.6067,33.1522,0.8684
001242.npy,21.1139,0.5817,24.7529,0.7727
000723.npy,24.0295,0.8352,27.2977,0.9176
002875.npy,20.2695,0.1650,32.4303,0.8479
001605.npy,18.1668,0.8590,20.2789,0.9175
000445.npy,23.8787,0.5651,29.3634,0.8195
000446.npy,22.9157,0.4914,29.3744,0.8044
000642.npy,19.1325,0.4354,20.3488,0.3841
002296.npy,25.7953,0.6190,30.1232,0.8486
000595.npy,21.5621,0.6626,23.4465,0.7766
001748.npy,21.6617,0.6254,22.8132,0.6650
001790.npy,22.2359,0.6706,24.2824,0.7359
000387.npy,20.9247,0.4339,21.6769,0.4470
000846.npy,32.3272,0.8840,35.5388,0.9469
002675.npy,22.7167,0.5022,26.1254,0.8265
002697.npy,22.5249,0.3328,25.3971,0.3230
001848.npy,18.6517,0.7335,19.5410,0.7994
000098.npy,25.1185,0.6304,29.1390,0.7823
001582.npy,27.1915,0.6481,36.4419,0.9342
000455.npy,20.1917,0.3844,24.2634,0.4800
000883.npy,25.8675,0.5723,33.4112,0.8961
002989.npy,24.4348,0.5507,27.5109,0.6023
002637.npy,10.4126,0.2749,10.8240,0.3320
001462.npy,21.7875,0.5095,24.9131,0.8110
001795.npy,19.1949,0.3837,22.7405,0.6373
000502.npy,21.4481,0.4563,26.4149,0.6687
000628.npy,21.9206,0.4377,29.1609,0.8853
000146.npy,22.2574,0.2698,30.8330,0.5806
000818.npy,21.1495,0.5963,21.7445,0.5912
003131.npy,19.6985,0.1700,30.4702,0.6442
002914.npy,33.2000,0.8082,38.9298,0.9376
000414.npy,19.6239,0.5586,21.4585,0.6125
001951.npy,24.9911,0.8313,27.7401,0.8907
002868.npy,23.1721,0.5940,26.6146,0.7528
000798.npy,30.1204,0.8317,31.1997,0.8484
000272.npy,18.5501,0.5837,20.4332,0.7454
001107.npy,24.0793,0.6895,25.5784,0.7108
001594.npy,20.1373,0.2354,29.2342,0.6183
001281.npy,21.9547,0.5002,22.4182,0.5126
001122.npy,23.3141,0.7517,24.6121,0.8061
003133.npy,26.4259,0.6802,29.9537,0.8482
001054.npy,23.1745,0.4807,36.5337,0.9632
000843.npy,22.8165,0.5340,33.0217,0.9327
003116.npy,20.5124,0.1349,34.5373,0.7733
001136.npy,24.9694,0.8050,27.5140,0.8940
002216.npy,29.8107,0.8953,30.2708,0.9070
002226.npy,39.4342,0.9354,41.7007,0.9666
002785.npy,24.4601,0.7588,26.1582,0.8070
002109.npy,24.7782,0.7501,26.6839,0.8415
